initial_alias,converted_alias,name,MotifCluster,DBD
ALX1,ENSDARG00000062824,alx1,HD/2,homeodomain
ALX1,ENSDARG00000110530,alx1,HD/2,homeodomain
ALX1,ENSDARG00000115230,alx1,HD/2,homeodomain
ALX3,ENSDARG00000091086,alx3,HD/2,homeodomain
ALX4,ENSDARG00000088332,alx4a,HD/2,homeodomain
ALX4,ENSDARG00000074442,alx4b,HD/2,homeodomain
AR,ENSDARG00000067976,ar,NR/20,nuclearreceptor
AR,ENSDARG00000114287,ar,NR/20,nuclearreceptor
ARID3A,ENSDARG00000067729,arid3c,HD/18,homeodomain
ARID3A,ENSDARG00000070843,arid3a,HD/18,homeodomain
ARID3A,ENSDARG00000114447,arid3c,HD/18,homeodomain
ARID3B,ENSDARG00000104034,arid3b,HD/2,homeodomain
ARID5A,ENSDARG00000077120,arid5a,ARI5A,ARID
ARNT,ENSDARG00000021855,arnt,HIF,bHLH
ARNT,ENSDARG00000115999,arnt,HIF,bHLH
ARNTL,ENSDARG00000035732,arntl1b,Ebox/CACGTG/1,bHLH
ARNTL,ENSDARG00000114562,arntl1b,Ebox/CACGTG/1,bHLH
ARX,ENSDARG00000058011,arxa,HD/8,homeodomain
ARX,ENSDARG00000101523,arxb,HD/8,homeodomain
ASCL2,ENSDARG00000038386,ascl1a,Ebox/CAGCTG,bHLH
ASCL2,ENSDARG00000009702,ascl1b,Ebox/CAGCTG,bHLH
ASCL2,ENSDARG00000101628,ascl1b,CREB/ATF/1,bZIP
ATF1,ENSDARG00000044301,atf1,CREB/ATF/1,bZIP
ATF1,ENSDARG00000109865,atf1,CREB/ATF/1,bZIP
ATF3,ENSDARG00000007823,atf3,CREB/ATF/1,bZIP
ATF4,ENSDARG00000111939,atf4a,CREB/ATF/1,bZIP
ATF4,ENSDARG00000038141,atf4b,CREB/ATF/1,bZIP
ATF4,ENSDARG00000114163,atf4b,CREB/ATF/1,bZIP
ATF4,ENSDARG00000114542,atf4b,CREB/ATF/1,bZIP
ATF7,ENSDARG00000011298,atf7a,CREB/ATF/1,bZIP
ATF7,ENSDARG00000055481,atf7b,CREB/ATF/1,bZIP
ATF7,ENSDARG00000114492,atf7b,CREB/ATF/1,bZIP
ATF7,ENSDARG00000115171,atf7b,CREB/ATF/1,bZIP
ATOH1,ENSDARG00000055294,atoh1a,HD/6,homeodomain
BARHL1,ENSDARG00000035508,barhl1a,HD/6,homeodomain
BARHL1,ENSDARG00000110061,barhl1a,HD/6,homeodomain
BARHL1,ENSDARG00000112355,barhl1a,HD/6,homeodomain
BARHL2,ENSDARG00000104361,barhl2,HD/6,homeodomain
BARHL2,ENSDARG00000114681,barhl2,HD/6,homeodomain
BARHL2,ENSDARG00000115723,barhl2,HD/6,homeodomain
BARX1,ENSDARG00000007407,barx1,HD/5,homeodomain
BATF3,ENSDARG00000042577,batf3,CREB/ATF/2,bZIP
BCL6,ENSDARG00000070864,bcl6aa,BCL6/2,C2H2
BCL6,ENSDARG00000111395,bcl6aa,BCL6/2,C2H2
BCL6,ENSDARG00000112502,bcl6aa,BCL6/2,C2H2
BCL6,ENSDARG00000116260,bcl6aa,BCL6/2,C2H2
BHLHA15,ENSDARG00000045166,bhlha15,Ebox/CATATG,bHLH
BHLHE22,ENSDARG00000058039,bhlhe22,Ebox/CATATG,bHLH
BHLHE40,ENSDARG00000004060,bhlhe40,Ebox/CATATG,bHLH
BHLHE41,ENSDARG00000041691,bhlhe41,Ebox/CATATG,bHLH
BHLHE41,ENSDARG00000112123,bhlhe41,Ebox/CATATG,bHLH
BHLHE41,ENSDARG00000114358,bhlhe41,Ebox/CATATG,bHLH
BSX,ENSDARG00000068976,bsx,HD/2,homeodomain
BSX,ENSDARG00000110782,bsx,HD/2,homeodomain
BSX,ENSDARG00000068976,bsx,HD/2,homeodomain
BSX,ENSDARG00000110782,bsx,HD/2,homeodomain
BSX,ENSDARG00000068976,bsx,HD/2,homeodomain
BSX,ENSDARG00000110782,bsx,HD/2,homeodomain
ALX4,ENSDARG00000111246,BX324132.3,HD/2,homeodomain
RXRG,ENSDARG00000110856,CABZ01020455.1,NR/1,nuclearreceptor
POU2F1,ENSDARG00000102550,CABZ01080371.1,POU/1,POU
TCF12,ENSDARG00000113371,CABZ01086139.1,Ebox/CAGCTG,bHLH
VDR,ENSDARG00000112923,CABZ01088036.1,NR/15,nuclearreceptor
SP1,ENSDARG00000113284,CABZ01090361.1,KLF/SP/1,C2H2
CDX1,ENSDARG00000114554,cdx1a,HD/18,homeodomain
CDX1,ENSDARG00000116139,cdx1b,HD/18,homeodomain
CEBP1,ENSDARG00000101096,cebp1,CCAAT/CEBP,bZIP
CEBP1,ENSDARG00000111016,cebp1,CCAAT/CEBP,bZIP
CEBPA,ENSDARG00000036074,cebpa,CCAAT/CEBP,bZIP
CEBPB,ENSDARG00000042725,cebpb,CCAAT/CEBP,bZIP
CEBPD,ENSDARG00000087303,cebpd,CCAAT/CEBP,bZIP
CEBPG,ENSDARG00000036073,cebpg,CCAAT/CEBP,bZIP
CLOCK,ENSDARG00000011703,clocka,Ebox/CACGTG/1,bHLH
CLOCK,ENSDARG00000003631,clockb,Ebox/CACGTG/1,bHLH
CREB1B,ENSDARG00000093420,creb1b,CREB3/XBP1,bZIP
CREB3L1,ENSDARG00000015793,creb3l1,CREB3/XBP1,bZIP
CREB3L2,ENSDARG00000063563,creb3l2,CREB3/XBP1,bZIP
CREB3,ENSDARG00000020926,creb3l3l,CREB3/XBP1,bZIP
CREB3,ENSDARG00000116217,creb3l3l,CREB3/XBP1,bZIP
CREB5,ENSDARG00000099002,creb5a,CREB/ATF/2,bZIP
CREB5,ENSDARG00000070536,creb5b,CREB/ATF/2,bZIP
CREM,ENSDARG00000023217,crema,CREB/ATF/1,bZIP
CTCF,ENSDARG00000056621,ctcf,CTCF,C2H2
CTCF,ENSDARG00000113285,ctcf,CTCF,C2H2
CUX1,ENSDARG00000078459,cux1a,CUX/1,CUT
CUX2,ENSDARG00000086345,cux2b,CUX/1,CUT
DBP,ENSDARG00000063014,dbpa,CCAAT/CEBP,bZIP
DBP,ENSDARG00000057652,dbpb,CCAAT/CEBP,bZIP
DBP,ENSDARG00000116703,dbpb,CCAAT/CEBP,bZIP
DLX1,ENSDARG00000013125,dlx1a,HD/2,homeodomain
DLX2,ENSDARG00000079964,dlx2a,HD/2,homeodomain
DLX2,ENSDARG00000017174,dlx2b,HD/2,homeodomain
DLX2,ENSDARG00000116017,dlx2b,HD/2,homeodomain
DLX3,ENSDARG00000014626,dlx3b,HD/2,homeodomain
DLX4,ENSDARG00000011956,dlx4a,HD/2,homeodomain
DLX4,ENSDARG00000071560,dlx4b,HD/2,homeodomain
DLX6,ENSDARG00000042291,dlx6a,HD/2,homeodomain
DMBX1,ENSDARG00000002510,dmbx1b,HD/20,homeodomain
DMRT3,ENSDARG00000035290,dmrt3a,DMRT3,DM
DMRT3,ENSDARG00000114587,dmrt3a,DMRT3,DM
E2F1,ENSDARG00000103868,e2f1,E2F/1,E2F
E2F3,ENSDARG00000070463,e2f3,E2F/1,E2F
E2F4,ENSDARG00000101578,e2f4,E2F/1,E2F
E2F4,ENSDARG00000109320,e2f4,E2F/1,E2F
E2F7,ENSDARG00000008986,e2f7,E2F/3,E2F
E2F8,ENSDARG00000057323,e2f8,E2F/3,E2F
EBF1,ENSDARG00000069196,ebf1b,EBF1,EBF
EBF3,ENSDARG00000099849,ebf3a,EBF1,EBF
EBF3,ENSDARG00000100244,ebf3a,EBF1,EBF
EGR1,ENSDARG00000037421,egr1,EGR,C2H2
EGR1,ENSDARG00000115563,egr1,EGR,C2H2
EGR2,ENSDARG00000042826,egr2b,EGR,C2H2
EGR3,ENSDARG00000089156,egr3,EGR,C2H2
EGR4,ENSDARG00000077799,egr4,EGR,C2H2
EHF,ENSDARG00000052115,ehf,ETS/1,ETS
EHF,ENSDARG00000112589,ehf,ETS/1,ETS
ELF1,ENSDARG00000020759,elf1,ETS/1,ETS
ELF3,ENSDARG00000077982,elf3,ETS/1,ETS
ELK1,ENSDARG00000078066,elk1,ETS/1,ETS
ELK3,ENSDARG00000018688,elk3,ETS/1,ETS
ELK3,ENSDARG00000110853,elk3,ETS/1,ETS
ELK4,ENSDARG00000077092,elk4,ETS/1,ETS
EMX1,ENSDARG00000039569,emx1,HD/2,homeodomain
EMX2,ENSDARG00000039701,emx2,HD/2,homeodomain
EN1,ENSDARG00000098730,en1b,HD/2,homeodomain
EN2,ENSDARG00000026599,en2a,HD/2,homeodomain
EN2,ENSDARG00000115233,en2a,HD/2,homeodomain
EN2,ENSDARG00000038868,en2b,HD/2,homeodomain
EOMES,ENSDARG00000006640,eomesa,TBX/4,TBX
EOMES,ENSDARG00000104243,eomesb,TBX/4,TBX
ERF,ENSDARG00000063417,erf,ETS/1,ETS
ERFL3,ENSDARG00000062801,erfl3,ETS/1,ETS
ERG,ENSDARG00000077304,erg,ETS/1,ETS
ESR1,ENSDARG00000004111,esr1,NR/17,nuclearreceptor
ESR1,ENSDARG00000112357,esr1,NR/17,nuclearreceptor
ESR2,ENSDARG00000016454,esr2a,NR/17,nuclearreceptor
ESR2,ENSDARG00000034181,esr2b,NR/17,nuclearreceptor
ESRRA,ENSDARG00000069266,esrra,NR/7,nuclearreceptor
ESRRB,ENSDARG00000100847,esrrb,NR/7,nuclearreceptor
ESRRG,ENSDARG00000004861,esrrga,NR/7,nuclearreceptor
ETS1,ENSDARG00000024431,ets1,ETS/1,ETS
ETV1,ENSDARG00000101959,etv1,ETS/1,ETS
ETV4,ENSDARG00000018303,etv4,ETS/1,ETS
ETV4,ENSDARG00000115855,etv4,ETS/1,ETS
ETV5,ENSDARG00000069763,etv5a,ETS/1,ETS
ETV5,ENSDARG00000112509,etv5a,ETS/1,ETS
ETV5,ENSDARG00000113729,etv5a,ETS/1,ETS
ETV5,ENSDARG00000044511,etv5b,ETS/1,ETS
ETV5,ENSDARG00000113744,etv5b,ETS/1,ETS
EVX1,ENSDARG00000099365,evx1,HD/2,homeodomain
EVX1,ENSDARG00000100087,evx1,HD/2,homeodomain
EVX1,ENSDARG00000099365,evx1,HD/2,homeodomain
EVX1,ENSDARG00000100087,evx1,HD/2,homeodomain
EVX2,ENSDARG00000059255,evx2,HD/2,homeodomain
FEV,ENSDARG00000009242,fev,ETS/1,ETS
FIGLA,ENSDARG00000087166,figla,Ebox/CACCTG,bHLH
FIGLA,ENSDARG00000115572,figla,Ebox/CACCTG,bHLH
FLI1,ENSDARG00000054632,fli1a,ETS/1,ETS
FO834857.1,ENSDARG00000112895,FO834857.1,HD/2,homeodomain
FOS,ENSDARG00000031683,fosab,AP1/1,bZIP
FOSL1,ENSDARG00000015355,fosl1a,AP1/1,bZIP
FOSL1,ENSDARG00000079373,fosl1b,AP1/1,bZIP
FOSL2,ENSDARG00000040623,fosl2,AP1/1,bZIP
FOSL2,ENSDARG00000092174,fosl2l,AP1/1,bZIP
FOXA1,ENSDARG00000102138,foxa1,FOX/4,forkhead
FOXA2,ENSDARG00000003411,foxa2,FOX/4,forkhead
FOXB1,ENSDARG00000089042,foxb1a,FOX/4,forkhead
FOXB1,ENSDARG00000053650,foxb1b,FOX/4,forkhead
FOXB1,ENSDARG00000110408,foxb1b,FOX/4,forkhead
FOXB1,ENSDARG00000113373,foxb1b,FOX/4,forkhead
FOXC1,ENSDARG00000091481,foxc1a,FOX/4,forkhead
FOXC1,ENSDARG00000055398,foxc1b,FOX/4,forkhead
FOXD2,ENSDARG00000058133,foxd2,FOX/5,forkhead
FOXD2,ENSDARG00000058133,foxd2,FOX/5,forkhead
FOXD3,ENSDARG00000021032,foxd3,FOX/5,forkhead
FOXG1,ENSDARG00000070769,foxg1a,FOX/5,forkhead
FOXH1,ENSDARG00000055630,foxh1,FOX/1,forkhead
FOXJ2,ENSDARG00000057680,foxj2,FOX/5,forkhead
FOXJ3,ENSDARG00000075774,foxj3,FOX/5,forkhead
FOXK1,ENSDARG00000037872,foxk1,FOX/4,forkhead
FOXL1,ENSDARG00000008133,foxl1,FOX/5,forkhead
FOXL1,ENSDARG00000111418,foxl1,FOX/5,forkhead
FOXO1,ENSDARG00000099555,foxo1a,FOX/5,forkhead
FOXO1,ENSDARG00000061549,foxo1b,FOX/5,forkhead
FOXO3,ENSDARG00000023058,foxo3a,FOX/5,forkhead
FOXO3,ENSDARG00000023058,foxo3a,FOX/5,forkhead
FOXO3,ENSDARG00000042904,foxo3b,FOX/5,forkhead
FOXO3,ENSDARG00000042904,foxo3b,FOX/5,forkhead
FOXO4,ENSDARG00000055792,foxo4,FOX/5,forkhead
FOXP1,ENSDARG00000004843,foxp1a,FOX/4,forkhead
FOXP1,ENSDARG00000004843,foxp1a,FOX/4,forkhead
FOXP1,ENSDARG00000004843,foxp1a,FOX/4,forkhead
FOXP1,ENSDARG00000014181,foxp1b,FOX/4,forkhead
FOXP1,ENSDARG00000014181,foxp1b,FOX/4,forkhead
FOXP1,ENSDARG00000014181,foxp1b,FOX/4,forkhead
FOXP2,ENSDARG00000005453,foxp2,FOX/4,forkhead
FOXP3,ENSDARG00000055750,foxp3a,FOX/5,forkhead
FOXP3,ENSDARG00000078279,foxp3b,FOX/5,forkhead
FOXQ1,ENSDARG00000030896,foxq1a,FOX/5,forkhead
FOXQ1,ENSDARG00000055395,foxq1b,FOX/5,forkhead
GABPA,ENSDARG00000069289,gabpa,ETS/1,ETS
GABPA,ENSDARG00000110923,gabpa,ETS/1,ETS
GATA1,ENSDARG00000013477,gata1a,GATA,C2H2
GATA1,ENSDARG00000117116,gata1a,GATA,C2H2
GATA2,ENSDARG00000059327,gata2a,GATA,C2H2
GATA3,ENSDARG00000016526,gata3,GATA,C2H2
GATA4,ENSDARG00000098952,gata4,GATA,C2H2
GATA5,ENSDARG00000017821,gata5,GATA,C2H2
GBX1,ENSDARG00000071418,gbx1,HD/2,homeodomain
GBX2,ENSDARG00000002933,gbx2,HD/2,homeodomain
GBX2,ENSDARG00000116377,gbx2,HD/2,homeodomain
GCM2,ENSDARG00000045413,gcm2,GCM,GCM
GFI1,ENSDARG00000044457,gfi1ab,GFI,C2H2
GFI1,ENSDARG00000114140,gfi1ab,GFI,C2H2
GFI1B,ENSDARG00000079947,gfi1b,GFI,C2H2
GLI2,ENSDARG00000025641,gli2a,GFI,C2H2
GLI2,ENSDARG00000020884,gli2b,GFI,C2H2
GLIS2,ENSDARG00000078388,glis2a,GLIS,C2H2
GLIS2,ENSDARG00000100232,glis2b,GLIS,C2H2
GLIS3,ENSDARG00000069726,glis3,GLIS,C2H2
GMEB1,ENSDARG00000062060,gmeb1,GMEB2/2,SAND
GMEB2,ENSDARG00000093240,GMEB2,GMEB2/2,SAND
GRHL1,ENSDARG00000061391,grhl1,GRHL,CP2
GSC,ENSDARG00000059073,gsc,HD/20,homeodomain
GSC,ENSDARG00000111184,gsc,HD/20,homeodomain
GSC,ENSDARG00000115937,gsc,HD/20,homeodomain
GSX1,ENSDARG00000035735,gsx1,HD/2,homeodomain
GSX2,ENSDARG00000043322,gsx2,HD/2,homeodomain
GSX2,ENSDARG00000116417,gsx2,HD/2,homeodomain
HES7,ENSDARG00000014722,her1,Ebox/CACGTG/2,bHLH
HES7,ENSDARG00000002707,her11,Ebox/CACGTG/2,bHLH
HES5,ENSDARG00000056732,her4.1,Ebox/CACGTG/2,bHLH
HES5,ENSDARG00000056729,her4.2,Ebox/CACGTG/2,bHLH
HES5,ENSDARG00000094426,her4.2,Ebox/CACGTG/2,bHLH
HES5,ENSDARG00000056729,her4.2,Ebox/CACGTG/2,bHLH
HES5,ENSDARG00000094426,her4.2,Ebox/CACGTG/2,bHLH
HES5,ENSDARG00000070770,her4.3,Ebox/CACGTG/2,bHLH
HES5,ENSDARG00000009822,her4.4,Ebox/CACGTG/2,bHLH
HES1,ENSDARG00000006514,her6,Ebox/CACGTG/2,bHLH
HES1,ENSDARG00000111099,her6,Ebox/CACGTG/2,bHLH
HES5,ENSDARG00000017917,her7,Ebox/CACGTG/2,bHLH
HES2.2,ENSDARG00000074897,hes2.1,Ebox/CACGTG/2,bHLH
HES2.2,ENSDARG00000068168,hes2.2,Ebox/CACGTG/2,bHLH
HESX1,ENSDARG00000060734,hesx1,HD/2,homeodomain
HEY1,ENSDARG00000070538,hey1,Ebox/CACGTG/1,bHLH
HEY2,ENSDARG00000013441,hey2,Ebox/CACGTG/1,bHLH
HEYL,ENSDARG00000055798,heyl,Ebox/CACGTG/1,bHLH
HEYL,ENSDARG00000112770,heyl,Ebox/CACGTG/1,bHLH
HIC1,ENSDARG00000055493,hic1,HIC/1,C2H2
HIC2,ENSDARG00000100497,hic2,HIC/1,C2H2
HINFP,ENSDARG00000004851,hinfp,HINFP1/1,C2H2
HLF,ENSDARG00000074752,hlfa,CCAAT/CEBP,bZIP
HLF,ENSDARG00000061011,hlfb,CCAAT/CEBP,bZIP
HLTF,ENSDARG00000026053,hltf,"HLTF	not_classified",
HMX1,ENSDARG00000095651,hmx1,HD/4,homeodomain
HMX1,ENSDARG00000109725,hmx1,HD/4,homeodomain
HMX1,ENSDARG00000111765,hmx1,HD/4,homeodomain
HMX2,ENSDARG00000070954,hmx2,HD/4,homeodomain
HMX2,ENSDARG00000115364,hmx2,HD/4,homeodomain
HMX3,ENSDARG00000070955,hmx3a,HD/4,homeodomain
HMX3,ENSDARG00000115051,hmx3a,HD/4,homeodomain
HMX3,ENSDARG00000096716,hmx3b,HD/4,homeodomain
HOXA9,ENSDARG00000007941,hmx4,HD/14,homeodomain
HOXA9,ENSDARG00000115000,hmx4,HD/14,homeodomain
HOXA9,ENSDARG00000116208,hmx4,HD/14,homeodomain
HNF1A,ENSDARG00000009470,hnf1a,HD/10,homeodomain
HNF1B,ENSDARG00000006615,hnf1ba,HD/10,homeodomain
HNF1B,ENSDARG00000115522,hnf1ba,HD/10,homeodomain
HNF1B,ENSDARG00000022295,hnf1bb,HD/10,homeodomain
HNF4A,ENSDARG00000021494,hnf4a,NR/1,nuclearreceptor
HNF4A,ENSDARG00000112985,hnf4a,NR/1,nuclearreceptor
HNF4G,ENSDARG00000071565,hnf4g,NR/1,nuclearreceptor
HOXA10,ENSDARG00000031337,hoxa10b,HD/18,homeodomain
HOXA11,ENSDARG00000104162,hoxa11a,HD/18,homeodomain
HOXA11,ENSDARG00000007009,hoxa11b,HD/18,homeodomain
HOXA13,ENSDARG00000100312,hoxa13a,HD/18,homeodomain
HOXA13,ENSDARG00000036254,hoxa13b,HD/18,homeodomain
HOXA2,ENSDARG00000023031,hoxa2b,HD/2,homeodomain
HOXA5,ENSDARG00000102501,hoxa5a,HD/2,homeodomain
HOXB13,ENSDARG00000056015,hoxb13a,HD/18,homeodomain
HOXB2,ENSDARG00000000175,hoxb2a,HD/2,homeodomain
HOXB3,ENSDARG00000029263,hoxb3a,HD/2,homeodomain
HOXB5,ENSDARG00000013057,hoxb5a,HD/2,homeodomain
HOXB5,ENSDARG00000054030,hoxb5b,HD/2,homeodomain
HOXB5,ENSDARG00000113174,hoxb5b,HD/2,homeodomain
HOXC10,ENSDARG00000070348,hoxc10a,HD/18,homeodomain
HOXC11,ENSDARG00000070351,hoxc11a,HD/18,homeodomain
HOXC11,ENSDARG00000102631,hoxc11b,HD/18,homeodomain
HOXC12,ENSDARG00000070352,hoxc12a,HD/18,homeodomain
HOXC12,ENSDARG00000103133,hoxc12b,HD/18,homeodomain
HOXC13,ENSDARG00000070353,hoxc13a,HD/18,homeodomain
HOXC13,ENSDARG00000113877,hoxc13b,HD/18,homeodomain
HOXC9,ENSDARG00000092809,hoxc9a,HD/14,homeodomain
HOXD11,ENSDARG00000059267,hoxd11a,HD/18,homeodomain
HOXD12,ENSDARG00000059263,hoxd12a,HD/18,homeodomain
HOXD13,ENSDARG00000059256,hoxd13a,HD/18,homeodomain
HOXD3,ENSDARG00000059280,hoxd3a,HD/2,homeodomain
HOXD9,ENSDARG00000059274,hoxd9a,HD/18,homeodomain
HSF1,ENSDARG00000008818,hsf1,HSF,HSF
HSF2,ENSDARG00000053097,hsf2,HSF,HSF
HSF4,ENSDARG00000013251,hsf4,HSF,HSF
ID2,ENSDARG00000055283,id2a,Ebox/CACGTG/1,bHLH
ID4,ENSDARG00000045131,id4,Ebox/CACGTG/1,bHLH
INSM1,ENSDARG00000091756,insm1a,INSM1,C2H2
INSM1,ENSDARG00000053301,insm1b,INSM1,C2H2
IRF1,ENSDARG00000043492,irf1a,IRF/1,IRF
IRF1,ENSDARG00000043249,irf1b,IRF/1,IRF
IRF1,ENSDARG00000110357,txndc15,IRF/1,IRF
IRF2,ENSDARG00000040465,irf2,IRF/1,IRF
IRF2,ENSDARG00000007387,irf2a,IRF/1,IRF
IRF9,ENSDARG00000055374,irf4b,IRF/1,IRF
IRF9,ENSDARG00000115381,irf4b,IRF/1,IRF
IRF7,ENSDARG00000045661,irf7,IRF/1,IRF
IRF8,ENSDARG00000056407,irf8,IRF/1,IRF
IRF9,ENSDARG00000016457,irf9,IRF/1,IRF
ISL2,ENSDARG00000003971,isl2a,HD/2,homeodomain
ISL2,ENSDARG00000053499,isl2b,HD/2,homeodomain
JDP2,ENSDARG00000040137,jdp2a,AP1/1,bZIP
JDP2,ENSDARG00000020133,jdp2b,AP1/1,bZIP
JUN,ENSDARG00000043531,jun,AP1/1,bZIP
JUNB,ENSDARG00000074378,junba,AP1/1,bZIP
JUNB,ENSDARG00000104773,junbb,AP1/1,bZIP
JUND,ENSDARG00000067850,jund,AP1/1,bZIP
KLF1,ENSDARG00000017400,klf1,KLF/SP/1,C2H2
KLF12,ENSDARG00000032197,klf12b,KLF/SP/1,C2H2
KLF13,ENSDARG00000061368,klf13,KLF/SP/1,C2H2
KLF4,ENSDARG00000079922,klf4,KLF/SP/1,C2H2
KLF5,ENSDARG00000062106,klf5b,KLF/SP/2,C2H2
LBX1,ENSDARG00000018321,lbx1a,HD/2,homeodomain
LBX1,ENSDARG00000018321,lbx1a,HD/2,homeodomain
LBX1,ENSDARG00000018611,lbx1b,HD/2,homeodomain
LBX1,ENSDARG00000018611,lbx1b,HD/2,homeodomain
LBX2,ENSDARG00000025131,lbx2,HD/2,homeodomain
LEF1,ENSDARG00000031894,lef1,TCF/LEF,HMG
LHX2,ENSDARG00000031222,lhx2b,HD/2,homeodomain
LHX3,ENSDARG00000003803,LHX3,HD/2,homeodomain
LHX4,ENSDARG00000039458,lhx4,HD/2,homeodomain
LHX6,ENSDARG00000006896,lhx6,HD/2,homeodomain
LHX6,ENSDARG00000112520,lhx6,HD/2,homeodomain
LHX8,ENSDARG00000002330,lhx8a,HD/2,homeodomain
LHX9,ENSDARG00000056979,lhx9,HD/2,homeodomain
LIN54,ENSDARG00000063194,lin54,LIN54,CXC
LMX1A,ENSDARG00000077915,lmx1al,HD/2,homeodomain
LMX1B,ENSDARG00000104815,lmx1ba,HD/2,homeodomain
LMX1B,ENSDARG00000068365,lmx1bb,HD/2,homeodomain
MAFB,ENSDARG00000017121,mafba,MAF,bZIP
MAFF,ENSDARG00000028957,maff,MAF,bZIP
MAFF,ENSDARG00000111050,maff,MAF,bZIP
MAFG,ENSDARG00000018109,mafga,MAF,bZIP
MAFG,ENSDARG00000100097,mafgb,MAF,bZIP
MAFK,ENSDARG00000100947,mafk,MAF,bZIP
MAX,ENSDARG00000024844,max,Ebox/CACGTG/1,bHLH
MECOM,ENSDARG00000060808,mecom,EVI1/MECOM,C2H2
MEF2A,ENSDARG00000031756,mef2aa,MEF2,MADS
MEF2B,ENSDARG00000093170,mef2b,MEF2,MADS
MEF2C,ENSDARG00000029764,mef2ca,MEF2,MADS
MEF2C,ENSDARG00000009418,mef2cb,MEF2,MADS
MEF2D,ENSDARG00000040237,mef2d,MEF2,MADS
MEIS1,ENSDARG00000012078,meis1b,MIES,MEIS
MEIS2,ENSDARG00000077840,meis2a,MIES,MEIS
MEIS2,ENSDARG00000098240,meis2a,MIES,MEIS
MEIS3,ENSDARG00000002795,meis3,MIES,MEIS
MEOX1,ENSDARG00000007891,meox1,HD/2,homeodomain
MEOX1,ENSDARG00000115382,meox1,HD/2,homeodomain
MEOX2,ENSDARG00000040911,meox2a,HD/2,homeodomain
MEOX2,ENSDARG00000061818,meox2b,HD/2,homeodomain
MEOX2,ENSDARG00000116206,meox2b,HD/2,homeodomain
MGA,ENSDARG00000078784,mgaa,TBX/4,TBX
SPZ1,ENSDARG00000008184,mia3,SPZ1,bHLH-ZIP
MITF,ENSDARG00000003732,mitfa,Ebox/CACGTG/1,bHLH
MITF,ENSDARG00000037833,mitfb,Ebox/CACGTG/1,bHLH
MIXL1,ENSDARG00000069252,mixl1,HD/2,homeodomain
MLX,ENSDARG00000037891,mlx,Ebox/CACGTG/1,bHLH
MLXIP,ENSDARG00000059474,mlxip,Ebox/CACGTG/1,bHLH
MLXIPL,ENSDARG00000089107,mlxipl,Ebox/CACGTG/1,bHLH
MLXIPL,ENSDARG00000104054,mlxipl,Ebox/CACGTG/1,bHLH
MLXIPL,ENSDARG00000089107,mlxipl,Ebox/CACGTG/1,bHLH
MLXIPL,ENSDARG00000104054,mlxipl,Ebox/CACGTG/1,bHLH
MNT,ENSDARG00000101859,mnta,Ebox/CACGTG/1,bHLH
MNT,ENSDARG00000073988,mntb,Ebox/CACGTG/1,bHLH
MNX1,ENSDARG00000035984,mnx1,HD/2,homeodomain
MNX1,ENSDARG00000109419,mnx1,HD/2,homeodomain
MSC,ENSDARG00000110016,msc,Ebox/CAGCTG,bHLH
MSX1,ENSDARG00000116118,msx1a,HD/2,homeodomain
MSX2,ENSDARG00000104651,msx2a,HD/2,homeodomain
MSX2,ENSDARG00000115813,msx2a,HD/2,homeodomain
MSX2,ENSDARG00000101023,msx2b,HD/2,homeodomain
MTF1,ENSDARG00000102898,mtf1,MTF1,C2H2
DUX4,ENSDARG00000069382,mxtx1,HD/8,homeodomain
DUX4,ENSDARG00000015906,mxtx2,HD/8,homeodomain
DUX4,ENSDARG00000114636,mxtx2,HD/8,homeodomain
MYB,ENSDARG00000053666,myb,MYB/5,MYB
MYB,ENSDARG00000114024,myb,MYB/5,MYB
MYBL1,ENSDARG00000030999,mybl1,MYB/1,MYB
MYBL2,ENSDARG00000032264,mybl2b,MYB/1,MYB
MYC,ENSDARG00000045695,myca,Ebox/CACGTG/2,bHLH
MYC,ENSDARG00000007241,mycb,Ebox/CACGTG/2,bHLH
MYCN,ENSDARG00000006837,mycn,Ebox/CACGTG/2,bHLH
MYF6,ENSDARG00000029830,myf6,Ebox/CAGCTG,bHLH
MYOD1,ENSDARG00000030110,myod1,Ebox/CAGCTG,bHLH
MYOG,ENSDARG00000009438,myog,Ebox/CAGCTG,bHLH
NEUROD2,ENSDARG00000016854,neurod2,Ebox/CATATG,bHLH
NEUROG1,ENSDARG00000056130,neurog1,Ebox/CATATG,bHLH
NFAT5,ENSDARG00000020872,nfat5a,NFAT/2,NFAT
NFAT5,ENSDARG00000102556,nfat5b,NFAT/2,NFAT
NFATC1,ENSDARG00000036168,nfatc1,NFAT/2,NFAT
NFATC2,ENSDARG00000100927,nfatc2a,NFAT/1,NFAT
NFATC3,ENSDARG00000076297,nfatc3a,NFAT/2,NFAT
NFATC3,ENSDARG00000112133,CR354373.1,NFAT/2,NFAT
NFATC3,ENSDARG00000051729,nfatc3b,NFAT/2,NFAT
NFE2,ENSDARG00000020606,nfe2,AP1/2,bZIP
NFE2L2,ENSDARG00000042824,nfe2l2a,AP1/2,bZIP
NFIA,ENSDARG00000062420,nfia,NFI/1,NFI
NFIC,ENSDARG00000043210,nfic,NFI/1,NFI
NFIL3,ENSDARG00000042977,nfil3,CCAAT/CEBP,bZIP
NFIL3,ENSDARG00000110085,nfil3,CCAAT/CEBP,bZIP
NFIX,ENSDARG00000043226,nfixa,NFI/1,NFI
NFIX,ENSDARG00000061836,nfixb,NFI/1,NFI
NFKB1,ENSDARG00000105261,nfkb1,NFKB/1,NFAT
NFKB2,ENSDARG00000038687,nfkb2,NFKB/1,NFAT
NFKB2,ENSDARG00000112821,nfkb2,NFKB/1,NFAT
NFYA,ENSDARG00000042004,nfya,NFY,NFY
NFYA,ENSDARG00000114231,nfya,NFY,NFY
NFYA,ENSDARG00000001621,nfyal,NFY,NFY
NFYB,ENSDARG00000039185,nfyba,NFY,NFY
NFYB,ENSDARG00000045611,nfybb,NFY,NFY
NFYB,ENSDARG00000110926,nfybb,NFY,NFY
NKX2-3,ENSDARG00000039095,nkx2.3,HD/22,homeodomain
NKX2-3,ENSDARG00000113490,nkx2.3,HD/22,homeodomain
NKX2-5,ENSDARG00000018004,nkx2.5,HD/22,homeodomain
NKX2-5,ENSDARG00000116714,nkx2.5,HD/22,homeodomain
NKX3-1,ENSDARG00000078280,nkx3-1,HD/4,homeodomain
NKX3-2,ENSDARG00000037639,nkx3-2,HD/4,homeodomain
NKX6-1,ENSDARG00000022569,nkx6.1,HD/2,homeodomain
NKX6-2,ENSDARG00000104735,nkx6.2,HD/2,homeodomain
NOTO,ENSDARG00000021201,noto,HD/2,homeodomain
NPAS2,ENSDARG00000016536,npas2,Ebox/CACGTG/1,bHLH
NPAS2,ENSDARG00000116993,npas2,Ebox/CACGTG/1,bHLH
NR2C2,ENSDARG00000042477,nr2c2,NR/1,nuclearreceptor
NR2E1,ENSDARG00000017107,nr2e1,NR/14,nuclearreceptor
NR2E3,ENSDARG00000045904,nr2e3,NR/2,nuclearreceptor
NR2E3,ENSDARG00000113178,nr2e3,NR/2,nuclearreceptor
NR2F1,ENSDARG00000052695,nr2f1a,NR/1,nuclearreceptor
NR2F6,ENSDARG00000003607,nr2f6a,NR/1,nuclearreceptor
NR2F6,ENSDARG00000003165,nr2f6b,NR/1,nuclearreceptor
NR3C1,ENSDARG00000025032,nr3c1,NR/20,nuclearreceptor
NR3C1,ENSDARG00000112480,nr3c1,NR/20,nuclearreceptor
NR3C1,ENSDARG00000116957,nr3c1,NR/20,nuclearreceptor
NR3C2,ENSDARG00000102082,nr3c2,NR/20,nuclearreceptor
NR3C2,ENSDARG00000115513,nr3c2,NR/20,nuclearreceptor
NR4A2,ENSDARG00000044532,nr4a2b,NR/12,nuclearreceptor
NR5A2,ENSDARG00000100940,nr5a2,NR/11,nuclearreceptor
NRF1,ENSDARG00000000018,nrf1,NRF1,CNC-bZIP
NRL,ENSDARG00000100466,nrl,MAF,bZIP
OLIG1,ENSDARG00000040948,olig1,Ebox/CATATG,bHLH
OLIG2,ENSDARG00000040946,olig2,Ebox/CATATG,bHLH
OLIG3,ENSDARG00000074253,olig3,Ebox/CATATG,bHLH
ONECUT1,ENSDARG00000007982,onecut1,CUX/1,CUT
ONECUT1,ENSDARG00000112251,onecut1,CUX/1,CUT
ONECUT2,ENSDARG00000090387,onecut2,CUX/1,CUT
ONECUT3,ENSDARG00000056395,onecut3a,CUX/1,CUT
ONECUT3,ENSDARG00000091059,onecut3b,CUX/1,CUT
OTX1,ENSDARG00000094992,otx1,HD/20,homeodomain
OTX2,ENSDARG00000011235,otx2b,HD/20,homeodomain
CRX,ENSDARG00000043483,otx5,HD/20,homeodomain
PAX1,ENSDARG00000008203,pax1a,PAX/1,PAX
PAX1,ENSDARG00000073814,pax1b,PAX/1,PAX
PAX2,ENSDARG00000028148,pax2a,PAX/1,PAX
PAX2,ENSDARG00000032578,pax2b,PAX/1,PAX
PAX3,ENSDARG00000010192,pax3a,CUX/1,CUT
PAX3,ENSDARG00000028348,pax3b,CUX/1,CUT
PAX4,ENSDARG00000021336,pax4,HD/2,homeodomain
PAX5,ENSDARG00000037383,pax5,PAX/2,PAX
PAX6,ENSDARG00000103379,pax6a,PAX/1,PAX
PAX6,ENSDARG00000045936,pax6b,PAX/1,PAX
PAX7,ENSDARG00000100398,pax7a,CUX/1,CUT
PAX7,ENSDARG00000111233,pax7a,CUX/1,CUT
PAX7,ENSDARG00000070818,pax7b,CUX/1,CUT
PAX9,ENSDARG00000053829,pax9,PAX/1,PAX
PBX1,ENSDARG00000100494,pbx1a,HD/16,homeodomain
PBX1,ENSDARG00000101131,pbx1b,HD/16,homeodomain
PDX1,ENSDARG00000002779,pdx1,HD/2,homeodomain
PDX1,ENSDARG00000109275,pdx1,HD/2,homeodomain
PHOX2A,ENSDARG00000007406,phox2a,HD/8,homeodomain
PHOX2B,ENSDARG00000091029,phox2bb,HD/8,homeodomain
KLF5,ENSDARG00000013006,pibf1,KLF/SP/2,C2H2
KLF5,ENSDARG00000015506,pibf1,KLF/SP/2,C2H2
PITX3,ENSDARG00000070069,pitx3,HD/20,homeodomain
PITX3,ENSDARG00000070069,pitx3,HD/20,homeodomain
PKNOX1,ENSDARG00000018765,pknox1.1,MIES,MEIS
PKNOX1,ENSDARG00000036542,pknox1.2,MIES,MEIS
PKNOX2,ENSDARG00000055349,pknox2,MIES,MEIS
PLAG1,ENSDARG00000051926,plag1,PLAG1,C2H2
POU1F1,ENSDARG00000058924,pou1f1,POU/1,POU
POU1F1,ENSDARG00000110816,pou1f1,POU/1,POU
POU1F1,ENSDARG00000115109,pou1f1,POU/1,POU
POU2F1,ENSDARG00000007996,pou2f1b,POU/1,POU
POU2F2,ENSDARG00000019658,pou2f2a,POU/1,POU
POU2F2,ENSDARG00000036816,pou2f2a,POU/1,POU
POU2F2,ENSDARG00000019658,pou2f2a,POU/1,POU
POU2F2,ENSDARG00000036816,pou2f2a,POU/1,POU
POU2F3,ENSDARG00000052387,pou2f3,POU/1,POU
POU3F1,ENSDARG00000009823,pou3f1,POU/1,POU
POU3F1,ENSDARG00000112302,pou3f1,POU/1,POU
POU5F1B,ENSDARG00000009823,pou3f1,POU/1,POU
POU5F1B,ENSDARG00000112302,pou3f1,POU/1,POU
POU3F1,ENSDARG00000070220,pou3f2a,POU/1,POU
POU3F2,ENSDARG00000076262,pou3f2b,POU/1,POU
POU3F2,ENSDARG00000112713,pou3f2b,POU/1,POU
POU3F1,ENSDARG00000042032,pou3f3a,POU/1,POU
POU3F1,ENSDARG00000095896,pou3f3b,POU/1,POU
POU4F1,ENSDARG00000005559,pou4f1,POU/2,POU
POU4F2,ENSDARG00000069737,pou4f2,POU/2,POU
POU4F3,ENSDARG00000006206,pou4f3,POU/2,POU
POU3F1,ENSDARG00000044774,pou5f3,POU/1,POU
POU3F3,ENSDARG00000044774,pou5f3,POU/1,POU
POU5F1B,ENSDARG00000044774,pou5f3,POU/1,POU
POU6F1,ENSDARG00000011570,pou6f1,HD/2,homeodomain
POU6F2,ENSDARG00000086362,pou6f2,HD/2,homeodomain
PPARG,ENSDARG00000031848,pparg,NR/3,nuclearreceptor
PRDM1,ENSDARG00000002445,prdm1a,PRDM1,C2H2
PROP1,ENSDARG00000039756,prop1,HD/8,homeodomain
PROP1,ENSDARG00000109950,prop1,HD/8,homeodomain
PROP1,ENSDARG00000114449,prop1,HD/8,homeodomain
PROX1,ENSDARG00000055158,prox1a,PROX1,PROX
PRRX1,ENSDARG00000033971,prrx1a,HD/2,homeodomain
PRRX1,ENSDARG00000042027,prrx1b,HD/2,homeodomain
RARA,ENSDARG00000056783,raraa,NR/12,nuclearreceptor
RARA,ENSDARG00000034893,rarab,NR/12,nuclearreceptor
RARA,ENSDARG00000111757,rarab,NR/12,nuclearreceptor
RARG,ENSDARG00000034117,rarga,NR/12,nuclearreceptor
RARG,ENSDARG00000054003,rargb,NR/12,nuclearreceptor
REL,ENSDARG00000055276,rel,NFKB/1,NFAT
RELA,ENSDARG00000098696,rela,NFKB/1,NFAT
REST,ENSDARG00000103046,rest,REST/NRSF,C2H2
RFX1,ENSDARG00000005883,rfx1a,RFX/1,RFX
RFX1,ENSDARG00000075904,rfx1b,RFX/1,RFX
RFX2,ENSDARG00000013575,rfx2,RFX/1,RFX
RFX3,ENSDARG00000014550,rfx3,RFX/1,RFX
RFX4,ENSDARG00000026395,rfx4,RFX/1,RFX
RFX4,ENSDARG00000116861,rfx4,RFX/1,RFX
RFX5,ENSDARG00000004866,mindy1,RFX/1,RFX
RFX5,ENSDARG00000063258,rfx5,RFX/1,RFX
RORA,ENSDARG00000031768,roraa,NR/12,nuclearreceptor
RREB1,ENSDARG00000063701,rreb1a,KLF/SP/2,C2H2
RREB1,ENSDARG00000042652,rreb1b,KLF/SP/2,C2H2
RUNX1,ENSDARG00000087646,runx1,RUNX/1,RUNX
RUNX2,ENSDARG00000040261,runx2a,RUNX/1,RUNX
RUNX3,ENSDARG00000052826,runx3,RUNX/1,RUNX
RAX,ENSDARG00000071684,rx1,HD/2,homeodomain
RAX,ENSDARG00000040321,rx2,HD/2,homeodomain
RAX,ENSDARG00000052893,rx3,HD/2,homeodomain
RAX,ENSDARG00000040321,rx2,HD/2,homeodomain
RXRA,ENSDARG00000035127,rxrab,NR/1,nuclearreceptor
RXRB,ENSDARG00000078954,rxrba,NR/1,nuclearreceptor
RXRB,ENSDARG00000002006,rxrbb,NR/1,nuclearreceptor
RXRB,ENSDARG00000117079,rxrbb,NR/1,nuclearreceptor
RXRG,ENSDARG00000004697,rxrgb,NR/1,nuclearreceptor
SCRT1,ENSDARG00000100821,scrt1a,SCRT1,C2H2
SCRT1,ENSDARG00000040214,scrt1b,SCRT1,C2H2
SCRT1,ENSDARG00000110984,scrt1b,SCRT1,C2H2
SCRT2,ENSDARG00000056175,scrt2,SCRT1,C2H2
SHOX,ENSDARG00000025891,shox,HD/2,homeodomain
SHOX2,ENSDARG00000075713,shox2,HD/2,homeodomain
E2F6,ENSDARG00000008119,si:ch211-195d17.2,E2F/2,E2F
BHLHE23,ENSDARG00000096756,si:ch211-196c10.13,Ebox/CATATG,bHLH
LHX6,ENSDARG00000052165,si:ch211-236k19.2,HD/2,homeodomain
EBF1,ENSDARG00000092635,si:ch211-51e8.2,EBF1,EBF
SIX3,ENSDARG00000058008,six3a,SIX/2,SIX
SIX3,ENSDARG00000114971,six3a,SIX/2,SIX
SMAD3,ENSDARG00000036096,smad3a,SMAD,SMAD
SMAD3,ENSDARG00000117146,smad3a,SMAD,SMAD
SMAD3,ENSDARG00000010207,smad3b,SMAD,SMAD
SNAI2,ENSDARG00000040046,snai2,Ebox/CACCTG,bHLH
SOX10,ENSDARG00000077467,sox10,SOX/1,HMG
SOX18,ENSDARG00000058598,sox18,SOX/4,HMG
SOX19,ENSDARG00000010770,sox19a,SOX/4,HMG
SOX19,ENSDARG00000110497,sox19a,SOX/4,HMG
SOX19,ENSDARG00000040266,sox19b,SOX/4,HMG
SOX1,ENSDARG00000069866,sox1a,SOX/4,HMG
SOX1,ENSDARG00000110682,sox1a,SOX/4,HMG
SOX1,ENSDARG00000114571,sox1a,SOX/4,HMG
SOX1,ENSDARG00000008131,sox1b,SOX/4,HMG
SOX2,ENSDARG00000070913,sox2,SOX/4,HMG
SOX21,ENSDARG00000008540,sox21b,SOX/4,HMG
SOX3,ENSDARG00000053569,sox3,SOX/4,HMG
SRY,ENSDARG00000100591,sox32,SOX/4,HMG
SOX5,ENSDARG00000011582,sox5,SOX/2,HMG
SOX6,ENSDARG00000015536,sox6,SOX/1,HMG
SOX8,ENSDARG00000105301,sox8a,SOX/4,HMG
SOX8,ENSDARG00000037782,sox8b,SOX/4,HMG
SOX9,ENSDARG00000003293,sox9a,SOX/4,HMG
SOX9,ENSDARG00000043923,sox9b,SOX/4,HMG
SP1,ENSDARG00000088347,sp1,KLF/SP/2,C2H2
SP2,ENSDARG00000076763,sp2,KLF/SP/2,C2H2
SP2,ENSDARG00000113443,sp2,KLF/SP/2,C2H2
SP2,ENSDARG00000115477,sp2,KLF/SP/2,C2H2
SP3,ENSDARG00000001549,sp3a,KLF/SP/2,C2H2
SP3,ENSDARG00000007812,sp3b,KLF/SP/2,C2H2
SP4,ENSDARG00000005186,sp4,KLF/SP/2,C2H2
SP8,ENSDARG00000056666,sp8b,KLF/SP/1,C2H2
SPDEF,ENSDARG00000029930,SPDEF,ETS/1,ETS
SPIB,ENSDARG00000067797,spi1a,SPI,ETS
SPI1,ENSDARG00000000767,spi1b,SPI,ETS
SPIC,ENSDARG00000012435,spic,SPI,ETS
SREBF1,ENSDARG00000067607,srebf1,Ebox/CACGTG/1,bHLH
SREBF2,ENSDARG00000063438,srebf2,Ebox/CACGTG/1,bHLH
SRF,ENSDARG00000053918,srfa,SRF,MADS
SRF,ENSDARG00000102867,srfb,SRF,MADS
STAT1,ENSDARG00000006266,stat1a,STAT/2,STAT
STAT1,ENSDARG00000076182,stat1b,STAT/2,STAT
STAT3,ENSDARG00000022712,stat3,STAT/2,STAT
STAT4,ENSDARG00000028731,stat4,STAT/2,STAT
STAT6,ENSDARG00000015902,stat6,STAT/1,STAT
STAT6,ENSDARG00000115859,stat6,STAT/1,STAT
TBP,ENSDARG00000014994,tbp,TATA,not_classified
TBR1,ENSDARG00000076259,tbr1a,TBX/4,TBX
TBR1,ENSDARG00000004712,tbr1b,TBX/4,TBX
TBX1,ENSDARG00000031891,tbx1,TBX/4,TBX
TBX15,ENSDARG00000002582,tbx15,TBX/4,TBX
TBX19,ENSDARG00000079187,tbx19,TBX/1,TBX
TBX20,ENSDARG00000005150,tbx20,TBX/4,TBX
TBX21,ENSDARG00000004473,tbx21,TBX/4,TBX
TBX21,ENSDARG00000115643,tbx21,TBX/4,TBX
TBX2,ENSDARG00000018025,tbx2a,TBX/4,TBX
TBX2,ENSDARG00000109541,tbx2a,TBX/4,TBX
TBX2,ENSDARG00000006120,tbx2b,TBX/4,TBX
TBX2,ENSDARG00000116135,tbx2b,TBX/4,TBX
TBX4,ENSDARG00000030058,tbx4,TBX/4,TBX
TBX4,ENSDARG00000113067,tbx4,TBX/4,TBX
TBX5,ENSDARG00000024894,tbx5a,TBX/4,TBX
TBX21,ENSDARG00000101576,tbxta,TBX/4,TBX
TCF12,ENSDARG00000004714,tcf12,Ebox/CAGCTG,bHLH
TCF21,ENSDARG00000036869,tcf21,Ebox/CAGCTG,bHLH
TCF21,ENSDARG00000111209,tcf21,Ebox/CAGCTG,bHLH
TCF3,ENSDARG00000005915,tcf3a,Ebox/CAGCTG,bHLH
TCF3,ENSDARG00000099999,tcf3b,Ebox/CAGCTG,bHLH
TCF3,ENSDARG00000112646,tcf3b,Ebox/CAGCTG,bHLH
TCF4,ENSDARG00000107408,TCF4,Ebox/CAGCTG,bHLH
TCF7,ENSDARG00000038672,tcf7,TCF/LEF,HMG
TCF7L2,ENSDARG00000004415,tcf7l2,TCF/LEF,HMG
TCF7L2,ENSDARG00000110486,tcf7l2,TCF/LEF,HMG
TEAD1,ENSDARG00000028159,tead1a,TEAD,TEA
TEAD1,ENSDARG00000059483,tead1b,TEAD,TEA
TEAD3,ENSDARG00000074321,tead3a,TEAD,TEA
TEAD3,ENSDARG00000063649,tead3b,TEAD,TEA
TEF,ENSDARG00000039117,tefa,CCAAT/CEBP,bZIP
TEF,ENSDARG00000109532,tefa,CCAAT/CEBP,bZIP
TEF,ENSDARG00000098103,tefb,CCAAT/CEBP,bZIP
TFAP2A,ENSDARG00000059279,tfap2a,TFAP2/1,TFAP
TFAP2B,ENSDARG00000012667,tfap2b,TFAP2/1,TFAP
TFAP2C,ENSDARG00000040606,tfap2c,TFAP2/1,TFAP
TFAP4,ENSDARG00000103923,tfap4,Ebox/CAGCTG,bHLH
TFCP2,ENSDARG00000060306,tfcp2,TFCP2,CP2
TFE3,ENSDARG00000098903,tfe3a,Ebox/CACGTG/1,bHLH
TFE3,ENSDARG00000019457,tfe3b,Ebox/CACGTG/1,bHLH
TFE3,ENSDARG00000111231,tfe3b,Ebox/CACGTG/1,bHLH
TFEB,ENSDARG00000010794,tfeb,Ebox/CACGTG/1,bHLH
TFEC,ENSDARG00000098745,tfec,Ebox/CACGTG/1,bHLH
TGIF1,ENSDARG00000059337,tgif1,MIES,MEIS
THAP1,ENSDARG00000059020,thap1,GC-tract,C2H2
TP53,ENSDARG00000035559,tp53,P53-like/1,P53L
TP53,ENSDARG00000115148,tp53,P53-like/1,P53L
TP73,ENSDARG00000017953,tp73,P53-like/1,P53L
TWIST2,ENSDARG00000078266,twist2,Ebox/CAGATGG,bHLH
UNCX,ENSDARG00000102976,uncx,HD/2,homeodomain
UNCX,ENSDARG00000037760,uncx4.1,HD/2,homeodomain
USF1,ENSDARG00000041689,usf1,Ebox/CACGTG/1,bHLH
USF1,ENSDARG00000014463,usf1l,Ebox/CACGTG/1,bHLH
USF1,ENSDARG00000109684,usf1l,Ebox/CACGTG/1,bHLH
USF1,ENSDARG00000114279,usf1l,Ebox/CACGTG/1,bHLH
USF2,ENSDARG00000020228,usf2,Ebox/CACGTG/1,bHLH
VAX1,ENSDARG00000021916,vax1,HD/2,homeodomain
VAX1,ENSDARG00000114230,vax1,HD/2,homeodomain
VAX2,ENSDARG00000058702,vax2,HD/2,homeodomain
VDR,ENSDARG00000099483,vdra,NR/15,nuclearreceptor
VDR,ENSDARG00000070721,vdrb,NR/15,nuclearreceptor
VDR,ENSDARG00000114864,vdrb,NR/15,nuclearreceptor
VENTX,ENSDARG00000100483,vent,HD/2,homeodomain
DLX4,ENSDARG00000100483,vent,HD/2,homeodomain
DLX4,ENSDARG00000099761,vox,HD/2,homeodomain
VSX1,ENSDARG00000056292,vsx1,HD/2,homeodomain
VSX1,ENSDARG00000109766,vsx1,HD/2,homeodomain
VSX2,ENSDARG00000005574,vsx2,HD/2,homeodomain
XBP1,ENSDARG00000035622,xbp1,KLF/SP/2,C2H2
YY1,ENSDARG00000042796,yy1a,YY1,C2H2
YY1,ENSDARG00000027978,yy1b,YY1,C2H2
ZBTB18,ENSDARG00000028228,zbtb18,Ebox/CAGCTG,bHLH
ZBTB33,ENSDARG00000071467,zbtb33,KAISO,C2H2
ZBTB33,ENSDARG00000112085,zbtb33,KAISO,C2H2
ZBTB7A,ENSDARG00000039899,zbtb7a,GLI,C2H2
ZBTB7B,ENSDARG00000021891,zbtb7b,GLI,C2H2
ZBTB7C,ENSDARG00000100985,zbtb7c,GLI,C2H2
ZEB1,ENSDARG00000016788,zeb1a,Ebox/CACCTG,bHLH
ZEB1,ENSDARG00000013207,zeb1b,Ebox/CACCTG,bHLH
ZEB1,ENSDARG00000113922,zeb1b,Ebox/CACCTG,bHLH
ZFX,ENSDARG00000074453,zfx,ZFX,C2H2
POU3F1,ENSDARG00000044375,zgc:158291,POU/1,POU
POU5F1B,ENSDARG00000111929,zgc:158291,POU/1,POU
POU3F1,ENSDARG00000044375,zgc:158291,POU/1,POU
POU5F1B,ENSDARG00000111929,zgc:158291,POU/1,POU
HMBOX1,ENSDARG00000035887,zgc:91944,HD/25,homeodomain
HMBOX1,ENSDARG00000114642,zgc:91944,HD/25,homeodomain
ZIC1,ENSDARG00000015567,zic1,ZIC,C2H2
ZIC3,ENSDARG00000071497,zic3,ZIC,C2H2
ZIC4,ENSDARG00000031307,zic4,ZIC,C2H2
ZNF143,ENSDARG00000012887,znf143a,ZNF143,C2H2
ZNF143,ENSDARG00000041581,znf143b,ZNF143,C2H2
ZNF143,ENSDARG00000111018,znf143b,ZNF143,C2H2
ZNF143,ENSDARG00000112408,znf143b,ZNF143,C2H2
ZNF423,ENSDARG00000059707,ZNF423,ZNF423,C2H2
ZNF423,ENSDARG00000095732,znf423,ZNF423,C2H2
ZNF423,ENSDARG00000059707,ZNF423,ZNF423,C2H2
ZNF423,ENSDARG00000095732,znf423,ZNF423,C2H2
ZNF740,ENSDARG00000061174,znf740b,ZIC/2,C2H2